###TestName###,TestName
###Levels###,Levels
###Timings###,Timings
###plist###,plist
###PowerTarget###,PowerRail
###PowerHighLimit###,PowerRail
###Module###,Module
###IB###,IB
###FB###,FB
###baseNumber###,baseNumber
###SearchMode###,SearchMode
###VFDM###,VFDM
###resultToken###,resultToken
###bypassGlobal###,bypassGlobal
###repairTag###,repairTag
###repairLabel###,repairLabel
###modeOfDecoding###,modeOfDecoding
###rasterDataLog###,rasterDataLog
###Supply###,Supply
###bypassGlobal###,bypassGlobal
###ifpm###,ifpm
###BisrMode###,BisrMode
###TestMode###,TestMode
###SetPointsPlistMode###,SetPointsPlistMode
###SetPointsPreInstance###,SetPointsPreInstance
###ScreenTestSet###,ScreenTestSet
###ScreenTestFile###,ScreenTestFile
###Voltage_Param###,YAxisParam
###printToItuff###,printToItuff
###RegEx###,RegEx
